id,gender,nationality,topik,study_period,exp_presentation,exp_report,exp_thesis,exp_exam,exp_other,diff_presentation,diff_report,diff_thesis,diff_exam,diff_other,need,SE01,SE02,SE03,SE04,SE05,SE06,SE07,SE08,SE09,SE10,SE11,SE12,SE13,SE14,SE15,SE16,LW17,LW19,LW18,LW20,MC01,MC02,MC03,MC04,MC05,MC06,MC07,MC08,MC09,MC10,MC11,MC12,MC13,MC14,MC15,MC16,MC17,MC18,MC19,MC20,MC21,MC22,MC23,MC24,MC25,MC26,MC27,MC28,MC29,MC30,MC31
1,1,1,3,4,0,1,1,1,0,0,0,0,0,0,1,4,4,4,4,5,4,5,4,4,5,4,4,5,3,5,4,5,5,4,3,4,5,5,5,4,5,5,4,5,5,5,5,5,5,4,5,5,5,5,5,5,5,5,5,5,4,5,5,5,5,5
2,2,4,2,4,0,1,0,0,0,1,0,1,0,0,2,4,4,4,3,4,4,4,3,4,4,2,2,4,3,3,3,4,4,3,3,2,3,5,3,3,3,4,2,2,4,4,4,4,3,3,3,4,4,4,4,5,5,3,4,2,4,1,4,5,5,4
3,2,4,2,4,0,0,0,1,0,0,0,1,0,0,2,2,3,3,3,2,2,2,2,2,3,3,2,2,2,3,2,2,3,4,4,1,3,3,4,4,4,1,4,2,3,2,2,2,2,2,2,2,2,3,2,1,2,3,1,3,3,1,3,1,1,1
4,1,2,2,4,1,0,0,0,0,1,0,1,1,0,3,3,2,2,2,2,2,2,3,2,3,3,3,3,2,3,2,4,3,5,4,4,3,2,4,2,2,3,4,3,4,3,4,4,3,4,4,4,4,3,4,1,3,5,4,3,4,4,5,5,2,3
5,2,1,0,3,1,0,0,0,0,0,0,1,0,0,1,3,3,3,4,5,3,4,4,4,4,3,4,4,3,5,4,3,3,3,2,3,5,5,4,5,4,5,4,5,5,4,4,5,5,5,5,3,4,4,4,1,5,2,2,1,4,1,2,1,2,1
6,2,1,2,4,0,0,0,1,0,0,0,1,0,0,1,2,3,2,3,4,4,4,3,3,4,3,4,3,5,3,3,4,4,2,3,4,3,4,3,4,3,4,5,3,2,4,4,3,4,4,4,3,4,3,4,4,5,4,5,4,4,3,4,5,5,5
7,2,1,1,2,0,0,0,0,0,0,0,1,0,0,3,2,3,3,3,3,3,3,3,4,2,2,2,2,2,3,3,2,2,4,3,4,3,4,4,2,1,3,3,4,3,3,3,3,2,3,3,2,4,2,3,4,5,5,4,3,4,5,5,2,3,1
8,2,1,0,3,0,1,0,0,0,0,0,0,1,0,5,2,2,2,2,2,2,2,2,2,3,2,2,2,2,3,2,2,3,4,5,3,3,3,2,3,1,2,3,3,2,3,3,3,3,2,3,2,3,3,3,4,2,2,3,3,3,1,3,1,1,3
9,1,1,1,4,0,1,0,1,1,1,0,1,0,0,3,2,3,2,2,2,2,2,1,2,2,3,2,2,3,3,2,2,2,1,2,2,4,3,2,1,4,2,2,3,1,3,3,2,3,4,3,2,3,3,3,1,1,3,1,3,4,4,1,1,1,1
10,2,6,0,1,0,0,0,1,0,0,0,0,0,0,4,4,4,4,4,3,4,4,3,4,4,4,4,3,3,4,3,3,3,2,2,4,4,4,5,3,5,4,5,5,5,4,4,4,4,5,4,5,4,3,4,2,1,1,1,4,4,3,2,2,3,2
11,2,1,0,3,0,0,0,1,1,0,0,0,0,1,2,4,4,4,4,4,3,4,3,5,4,4,3,3,4,4,4,2,2,2,2,2,3,3,4,3,5,3,3,3,5,3,4,3,4,3,3,4,3,3,4,4,2,3,3,5,4,1,3,4,2,3
12,2,3,0,2,0,0,0,0,0,1,0,0,0,0,1,3,3,3,2,3,3,3,3,2,3,2,3,3,4,2,2,2,2,5,5,5,3,3,2,2,2,3,2,3,3,3,3,3,3,3,3,2,2,3,3,1,3,1,3,1,4,4,4,2,2,2
13,2,1,0,3,1,0,0,1,0,1,1,0,0,0,1,3,2,2,2,3,2,3,3,2,2,2,3,4,3,3,3,2,3,5,3,2,3,1,2,2,2,3,3,3,2,3,4,3,2,4,3,3,3,3,3,2,4,5,2,1,3,4,2,1,3,1
14,2,1,2,3,0,0,1,1,0,0,1,0,0,0,2,3,3,3,4,2,2,2,3,3,2,2,3,4,3,3,2,2,4,4,4,2,5,2,4,1,3,3,2,2,3,2,2,2,1,2,3,3,3,3,2,2,1,2,1,4,4,4,3,1,5,2
15,1,1,0,4,0,0,0,1,0,0,0,1,0,0,3,2,3,2,2,4,3,3,3,3,4,3,3,3,4,4,4,3,3,2,2,5,3,4,3,4,5,2,4,5,3,3,4,4,3,3,3,3,4,2,3,1,2,4,1,1,4,3,5,1,5,4
16,2,4,0,3,0,0,0,1,0,0,1,1,0,0,3,2,3,2,2,2,3,2,2,2,2,3,3,3,3,2,3,2,3,3,3,2,3,3,3,3,5,3,3,1,2,3,2,4,2,3,3,3,3,3,3,1,2,1,3,1,4,2,1,2,2,4
17,1,1,2,3,0,1,0,0,1,0,0,0,0,0,1,4,4,4,4,3,4,3,3,4,4,3,4,4,4,5,4,5,5,3,4,5,5,5,5,5,4,4,3,5,4,3,4,4,4,5,4,4,4,4,4,2,5,4,5,3,3,5,5,5,5,5
18,2,1,2,3,0,0,0,1,0,0,0,0,0,0,2,4,5,4,4,5,4,4,4,4,4,5,5,4,4,5,5,5,4,1,1,5,4,3,4,3,5,5,4,4,4,4,4,4,5,4,4,4,5,5,5,5,5,5,5,5,4,5,5,5,5,5
19,2,1,0,3,0,0,0,1,1,0,0,0,0,0,3,4,4,4,3,4,3,4,4,3,4,4,4,4,3,4,4,3,3,2,2,4,5,4,3,1,4,4,3,5,4,3,4,3,3,4,4,3,3,3,3,2,3,1,1,2,4,4,2,1,5,4
20,2,1,2,3,0,0,1,1,0,0,0,0,0,0,1,3,2,2,3,3,3,3,3,3,3,4,2,3,3,3,4,4,5,4,4,2,4,2,3,3,3,3,4,1,2,3,3,4,4,3,3,3,3,3,3,5,1,2,2,5,4,1,4,3,3,1
21,1,1,2,4,0,0,0,0,0,0,0,0,0,0,4,4,2,3,4,3,3,3,3,3,3,3,4,3,3,4,3,4,4,2,3,4,3,3,5,4,2,4,4,5,3,4,4,4,4,4,4,4,4,4,4,5,5,5,4,5,4,5,5,4,2,5
22,1,6,0,1,1,0,0,1,0,1,0,0,0,0,2,4,4,4,4,4,4,3,3,3,3,4,4,4,3,5,4,2,3,4,4,3,4,4,5,4,4,5,4,5,4,2,3,4,4,4,4,4,3,3,3,4,2,3,4,2,4,2,2,5,5,3
23,2,4,3,4,0,0,0,1,0,1,0,1,0,0,3,3,3,3,2,4,4,4,3,3,3,2,3,2,2,3,3,3,2,3,4,1,3,4,2,3,1,2,1,3,1,3,2,3,3,2,3,3,3,3,2,5,2,1,1,3,4,5,1,1,2,5
24,2,4,0,2,0,0,1,1,0,0,0,1,0,0,1,3,3,3,3,3,3,3,3,2,3,4,4,3,3,3,4,3,2,3,3,3,2,2,1,3,3,2,2,4,4,3,3,4,3,3,2,3,4,3,3,1,1,1,3,3,3,4,4,3,4,1
25,2,1,1,3,0,0,0,0,0,0,1,1,0,0,1,5,5,3,4,4,4,4,4,4,4,3,4,4,3,4,4,4,3,3,2,5,4,5,5,5,4,4,4,4,5,5,5,4,4,5,4,4,5,4,4,5,5,5,4,5,4,5,5,5,5,5
26,2,2,0,3,1,0,0,0,1,1,0,1,0,0,3,4,4,4,4,4,5,4,4,4,4,4,3,4,5,4,4,2,3,1,1,4,5,5,5,3,4,3,4,4,2,3,4,4,3,3,3,4,4,4,4,1,3,3,4,1,4,4,2,1,1,3
27,1,1,1,4,0,1,1,0,0,0,0,1,0,0,1,3,3,3,3,3,2,3,2,3,3,3,2,2,2,3,2,2,3,3,5,2,3,2,3,3,1,1,3,2,1,2,3,2,3,2,3,2,2,2,2,4,1,3,5,2,3,3,2,1,5,2
28,2,1,0,4,1,0,0,0,0,0,0,0,0,0,1,3,3,4,3,4,4,4,3,4,3,3,4,2,4,4,4,3,3,2,3,3,5,5,4,4,4,4,5,3,2,4,5,3,3,4,3,4,4,4,4,3,3,1,3,3,4,5,3,1,1,3
29,1,5,0,3,0,0,0,0,1,1,0,0,0,0,1,3,3,3,3,3,3,4,3,4,4,4,4,4,4,4,3,3,3,3,2,4,4,5,5,5,4,4,3,2,3,5,4,3,4,4,4,4,4,4,4,4,3,3,4,4,3,1,3,1,1,3
30,2,4,2,4,0,0,0,1,1,0,1,0,0,0,3,3,4,4,4,4,4,5,4,3,4,5,4,5,4,4,4,5,5,2,3,4,4,5,5,3,4,4,4,5,5,4,4,4,4,4,4,4,4,3,4,4,2,5,4,5,4,5,5,5,5,5
31,2,3,2,4,0,0,0,0,0,1,1,0,0,0,1,3,2,3,3,3,4,3,3,3,4,3,3,3,3,3,4,4,3,4,4,3,4,3,3,5,4,5,2,3,4,4,4,4,4,4,4,4,3,4,3,3,5,4,5,5,4,4,4,5,4,5
32,1,1,2,4,1,0,0,0,0,0,1,0,0,0,1,4,4,4,3,4,4,4,3,3,3,4,5,4,4,3,5,4,4,2,3,5,4,3,4,4,5,5,4,4,5,4,4,4,4,3,4,4,4,3,4,5,5,3,5,5,4,5,5,5,2,4
33,2,1,0,4,0,0,0,1,0,0,0,0,0,0,4,3,3,4,3,3,3,4,4,4,4,3,3,3,3,3,3,3,3,1,2,3,1,2,2,3,4,4,4,3,2,3,3,3,3,3,3,3,3,3,3,1,3,2,2,3,3,3,1,5,3,2
34,1,1,3,4,1,0,0,0,0,0,0,0,0,0,4,3,3,2,3,4,4,3,3,3,4,5,3,4,3,4,4,5,4,5,4,3,4,4,2,4,3,4,4,5,4,4,5,4,4,5,4,4,4,4,4,5,5,5,5,5,4,5,5,5,5,5
35,1,6,2,4,0,0,0,0,0,0,0,0,0,0,1,5,5,4,4,5,4,4,4,4,5,4,5,5,4,4,4,5,5,3,4,2,3,4,2,5,4,5,4,4,5,4,4,5,4,4,4,3,5,3,5,5,5,4,5,5,4,5,5,5,5,5
36,2,1,2,4,0,0,0,1,0,1,0,0,0,0,2,3,3,3,3,4,3,3,3,2,2,3,4,3,3,3,3,4,4,4,4,3,4,2,2,3,5,2,3,2,5,3,3,3,2,2,3,2,3,2,3,2,2,2,3,4,4,5,2,3,2,5
37,1,3,2,4,0,0,0,0,1,0,0,1,0,1,2,3,3,3,3,2,4,3,4,4,3,4,4,4,3,3,4,4,3,3,4,3,4,3,4,4,2,4,2,4,4,2,4,4,4,3,5,2,3,3,3,3,3,4,4,5,4,4,1,5,5,3
38,2,1,2,4,0,0,0,1,0,1,1,1,0,0,4,2,2,2,2,3,3,3,3,3,2,2,2,3,3,3,2,3,3,3,3,4,3,1,4,4,3,2,3,3,3,3,3,3,4,3,2,4,3,3,3,3,1,2,1,5,4,5,2,5,1,4
39,2,4,3,4,1,0,0,0,0,0,0,0,0,0,5,3,3,4,3,3,3,3,4,3,4,3,3,3,3,4,4,3,3,4,2,1,2,3,3,2,3,4,3,2,3,3,2,4,4,3,3,3,2,3,3,4,5,5,5,5,4,5,4,5,5,5
40,2,1,3,4,1,0,0,0,0,0,0,1,1,0,1,3,3,3,3,4,4,4,3,3,4,3,4,3,3,3,4,4,4,4,4,5,3,4,5,5,3,4,2,4,3,3,3,3,2,4,4,4,2,3,3,4,5,3,3,5,4,1,5,5,3,4
41,2,1,1,3,0,0,0,0,0,0,0,0,0,0,3,5,4,5,4,5,5,5,4,4,5,4,4,3,4,4,4,5,4,2,2,5,4,3,5,4,4,3,4,5,3,4,4,4,5,4,5,4,5,4,4,3,5,4,5,5,4,5,3,5,5,5
42,2,3,1,3,0,1,0,1,1,0,0,0,1,1,1,3,3,3,3,2,3,3,3,4,3,4,4,5,4,3,4,3,4,4,4,4,4,5,5,4,5,5,5,4,5,5,4,4,5,4,5,5,5,5,5,5,5,5,5,5,4,5,5,5,5,5
43,1,1,1,4,0,0,0,0,0,0,1,0,0,0,4,2,2,2,3,2,3,3,2,3,2,4,3,3,3,3,4,4,4,5,4,2,5,3,3,4,3,4,3,4,4,3,3,2,3,4,3,4,3,3,3,2,2,1,5,3,4,3,5,2,5,1
44,2,2,1,4,0,0,0,0,0,0,0,1,0,0,2,3,4,4,4,4,4,4,3,3,4,4,4,3,4,4,3,2,3,1,1,5,4,3,4,3,2,5,4,4,2,4,4,4,4,5,4,4,4,4,4,5,5,5,5,5,4,5,2,5,5,5
45,2,2,3,4,0,1,0,0,0,0,0,0,1,0,1,3,3,3,3,3,3,4,3,4,3,4,3,3,3,3,3,3,3,4,4,2,3,2,1,4,4,2,3,4,1,3,4,4,3,3,3,3,4,3,4,5,4,5,4,5,4,5,5,5,5,5
46,2,3,0,2,0,0,0,1,0,0,0,1,0,0,3,4,4,4,4,4,4,3,4,3,4,3,4,5,4,5,4,2,2,2,2,3,5,5,5,5,3,4,5,4,5,3,4,4,4,4,4,4,3,3,4,3,5,3,1,3,3,1,5,5,2,1
47,2,1,3,4,0,1,0,0,0,1,1,0,0,0,1,3,3,3,3,4,4,4,4,4,4,3,2,3,4,3,4,3,3,4,2,4,2,5,2,4,3,3,3,5,4,3,4,4,4,4,4,4,3,4,4,5,5,5,5,5,4,5,5,4,5,4
48,1,1,3,4,0,0,0,0,0,0,0,0,0,0,1,4,5,3,4,4,3,3,3,3,3,4,4,4,3,4,4,3,3,3,2,5,3,4,5,5,5,5,3,4,4,4,4,3,4,4,4,4,4,4,5,5,5,5,5,5,4,5,5,5,5,5
49,1,1,2,4,0,1,0,0,1,0,1,0,0,0,1,4,3,4,3,4,4,3,3,3,3,3,4,3,3,4,4,4,4,3,2,4,4,3,4,2,4,4,4,3,4,3,3,3,3,3,3,4,3,3,3,3,5,5,5,5,4,5,4,5,2,5
50,2,1,3,4,0,0,0,0,0,0,0,1,0,0,1,3,2,3,3,3,3,3,3,3,3,3,4,3,2,4,3,2,3,4,4,4,2,4,4,2,2,4,2,3,3,3,3,4,3,4,3,4,3,3,4,5,5,4,5,5,4,2,5,3,5,5
51,1,2,0,2,0,0,0,1,1,0,0,0,1,0,2,4,4,5,3,4,4,5,4,4,4,4,3,4,4,4,4,3,2,2,2,5,4,2,4,4,3,5,3,3,5,4,3,4,4,4,4,3,3,4,4,1,2,3,5,2,4,2,2,3,1,3
52,2,4,3,4,0,0,0,0,0,1,0,0,0,0,5,3,2,3,3,3,2,3,2,3,3,3,3,2,3,3,3,3,3,3,4,3,4,4,4,3,2,5,3,4,2,3,4,3,3,4,3,4,4,2,4,5,5,3,3,5,4,3,2,4,3,2
53,2,3,3,4,1,0,0,0,0,0,0,0,0,0,1,3,3,4,2,3,3,4,3,3,3,2,4,4,3,2,3,2,3,4,4,3,5,3,2,4,2,4,3,3,3,3,3,2,3,3,3,3,3,3,4,4,5,1,4,3,4,4,3,5,5,3
54,2,1,3,4,0,0,0,0,0,0,0,0,1,1,1,3,2,3,3,3,3,3,2,3,3,3,4,4,2,4,3,3,4,5,5,5,4,4,4,4,4,3,3,5,3,5,4,4,5,3,3,4,5,4,5,5,5,4,5,4,4,5,5,5,5,5
55,2,2,3,4,0,0,0,0,0,0,0,0,1,0,2,3,3,3,3,2,2,3,3,4,3,2,3,4,2,3,3,2,2,4,4,2,2,3,3,4,1,3,3,2,3,2,3,4,3,3,3,3,3,2,3,2,5,1,2,3,4,4,2,3,1,3
56,1,6,0,2,1,0,0,1,1,0,0,0,0,0,1,4,3,4,3,3,3,2,2,3,3,4,3,4,3,4,3,2,2,4,5,4,5,3,4,4,5,4,4,5,3,5,4,4,3,4,5,5,4,4,4,3,2,1,5,3,3,4,1,1,3,1
57,2,1,1,4,0,1,0,1,0,0,0,1,0,0,1,2,3,3,2,2,2,3,2,2,2,2,2,3,2,2,2,2,2,2,3,1,2,2,1,3,4,2,2,2,2,2,3,2,3,2,3,2,2,2,4,1,2,5,1,2,3,1,1,1,1,4
58,2,1,0,3,1,0,0,1,0,0,0,0,0,0,4,4,3,3,3,4,5,4,4,4,4,4,4,4,3,5,5,3,2,4,3,4,5,5,5,4,5,5,4,5,5,4,4,4,4,4,3,4,4,4,3,4,2,3,2,2,4,4,1,1,5,2
59,2,6,2,4,0,0,0,0,0,1,0,0,0,0,4,3,3,2,2,3,2,2,2,2,2,3,2,2,3,2,2,3,3,5,3,1,3,2,1,4,1,2,2,1,2,3,3,3,3,3,3,3,2,3,2,3,3,5,1,5,4,2,4,3,3,5
60,2,1,0,3,0,0,0,1,0,0,0,1,0,0,1,5,5,5,4,5,5,4,4,5,5,2,4,4,3,4,4,2,3,2,2,5,5,3,4,5,3,3,4,4,4,4,5,4,3,4,4,4,4,3,4,2,3,2,1,3,3,2,4,1,2,1
61,2,1,3,3,1,0,0,1,0,0,0,0,0,0,2,5,4,4,5,4,4,5,4,4,4,5,5,5,4,5,4,5,5,1,2,5,5,5,5,5,5,5,5,5,5,4,5,4,5,5,5,4,5,5,5,5,5,5,5,5,4,5,5,5,5,5
62,2,1,1,4,1,0,0,0,0,0,0,0,0,0,5,5,5,4,3,5,4,5,5,5,5,4,5,5,4,5,5,4,4,2,2,4,5,4,5,5,4,4,3,5,5,3,3,4,4,3,4,3,4,3,4,5,5,5,5,5,4,5,4,5,4,5
63,2,1,2,4,0,0,1,0,0,0,1,1,0,0,1,2,2,2,2,3,2,3,3,2,2,1,1,2,2,3,1,2,3,3,5,2,2,3,2,2,2,3,3,3,3,2,2,2,2,2,2,2,2,2,2,4,5,3,1,5,4,1,2,4,1,2
64,1,3,0,4,0,1,0,0,0,0,0,0,0,0,5,3,3,3,3,3,2,3,2,2,2,3,3,2,3,2,3,2,3,3,3,1,2,4,4,3,2,1,2,2,3,3,3,3,2,3,3,3,3,2,3,3,4,1,5,4,3,3,2,3,3,3
65,2,3,0,3,1,0,0,0,0,0,0,0,0,0,4,5,5,4,5,5,5,5,5,5,5,4,5,5,5,5,4,2,2,3,2,5,5,5,5,5,5,4,5,5,5,5,5,5,5,5,5,5,5,5,5,2,5,3,2,1,3,1,5,4,2,2
66,2,1,0,4,1,1,1,1,0,0,0,0,0,1,1,3,3,3,3,3,4,3,4,4,3,4,4,4,4,3,4,2,2,3,3,5,4,3,3,5,4,4,3,5,4,4,3,4,4,4,3,4,4,4,3,4,3,1,1,1,4,5,5,4,2,4
67,2,1,2,4,0,0,0,0,0,0,0,0,0,0,3,3,3,2,2,3,3,3,2,2,3,3,3,3,2,3,3,4,4,4,4,4,2,3,3,5,4,1,4,2,3,3,3,4,2,3,3,2,4,3,3,3,2,1,2,4,3,5,2,5,4,1
68,1,1,2,4,0,0,0,0,0,1,0,1,0,0,2,4,4,4,4,4,4,4,3,3,3,4,4,3,3,3,3,3,4,3,3,4,3,2,1,3,3,3,3,3,2,2,3,4,4,3,3,3,3,3,3,5,5,3,4,4,4,3,5,5,3,5
69,2,6,2,4,0,1,0,1,0,0,0,1,0,0,1,4,4,3,4,3,4,3,4,3,4,3,4,3,3,4,4,5,5,3,3,5,4,5,5,5,5,5,3,2,4,3,3,4,4,3,4,4,5,5,5,5,3,4,5,5,4,5,5,4,5,5
70,2,1,0,3,0,0,0,1,0,1,0,0,0,0,5,4,4,4,4,4,4,3,4,3,4,3,4,3,3,4,3,3,3,2,2,4,4,3,4,4,4,2,3,2,3,4,4,4,3,4,4,3,3,4,4,1,2,3,5,1,4,2,3,1,1,3
71,2,3,3,4,0,0,0,0,0,1,1,0,0,0,4,3,3,4,3,3,4,3,3,3,3,2,3,4,3,3,4,4,3,5,4,4,3,5,4,3,4,3,4,4,4,3,3,4,3,4,4,4,5,4,3,5,5,5,5,5,4,5,5,5,5,5
72,2,3,2,4,0,0,0,0,0,1,1,0,0,0,1,3,2,3,3,3,3,3,3,3,3,4,3,5,4,3,3,4,3,2,1,4,4,5,4,3,2,3,3,1,3,4,3,3,4,4,4,3,4,4,4,3,1,3,1,5,4,2,4,5,4,4
73,2,1,3,4,0,0,0,0,0,0,1,0,0,0,2,4,4,3,4,3,4,4,4,4,4,4,4,4,3,4,4,4,4,4,4,4,5,3,5,4,3,5,4,4,5,5,4,4,5,4,4,4,4,4,4,5,5,5,5,5,4,5,5,5,5,5
74,2,1,0,4,0,1,0,1,0,1,0,1,0,0,1,3,3,4,3,5,4,4,4,3,4,5,4,5,5,4,5,2,3,4,3,5,4,5,5,4,5,5,5,5,5,5,4,5,5,5,5,5,5,5,5,1,1,1,1,4,3,1,5,1,2,3
75,1,1,1,3,0,0,0,1,0,0,0,0,0,1,1,3,3,2,3,4,3,4,4,3,4,3,3,2,3,2,3,3,3,2,3,5,4,4,3,3,3,4,3,3,5,4,3,4,4,4,3,3,3,3,3,5,1,5,5,5,4,3,5,2,2,5
76,2,1,3,4,0,0,0,1,0,0,0,0,0,0,3,3,3,3,2,3,3,3,4,2,3,2,4,4,3,3,3,4,4,5,5,1,5,4,5,4,3,5,4,2,2,3,3,4,3,4,4,4,3,4,4,1,1,3,3,5,4,3,4,4,5,5
77,2,3,0,2,1,0,0,0,0,0,0,0,0,0,4,3,3,2,3,3,2,2,3,3,3,2,2,2,2,1,2,2,3,4,3,3,3,2,3,3,2,2,1,3,4,3,2,3,2,3,2,2,2,3,2,1,1,1,4,1,3,3,3,5,2,1
78,2,6,2,4,1,0,0,0,1,0,0,0,0,0,4,3,4,4,4,4,3,5,4,3,4,4,4,5,5,5,4,5,5,5,3,5,4,2,4,4,3,2,3,4,2,4,4,3,4,4,4,4,4,4,4,5,3,3,4,5,4,5,5,3,5,5
79,2,1,1,4,0,0,0,0,0,0,0,0,0,0,3,4,4,4,4,4,4,3,4,3,4,3,3,4,5,4,4,3,3,2,2,5,5,5,4,5,4,3,4,5,5,4,5,5,5,5,4,5,5,4,4,5,5,5,5,5,4,5,5,5,5,5
80,2,2,1,4,1,0,0,0,0,0,1,1,0,0,3,2,2,2,2,2,2,2,2,3,2,1,2,1,1,2,2,1,2,3,3,1,3,2,3,1,3,2,2,2,2,2,2,2,2,2,1,2,2,2,3,1,3,3,4,1,4,1,3,3,4,3
81,2,1,2,4,0,0,0,0,0,0,0,0,0,0,1,2,3,3,2,3,2,3,2,2,3,2,3,3,3,4,3,3,4,3,4,4,3,4,3,3,4,2,3,4,2,3,4,4,3,4,4,3,4,3,3,3,4,4,5,4,4,4,5,4,3,5
82,2,1,0,3,1,1,0,1,0,1,0,1,0,0,4,3,3,2,3,3,3,3,3,3,4,4,3,3,4,4,3,3,3,4,4,3,4,4,4,5,4,3,3,5,3,3,3,4,4,3,3,4,4,4,4,2,1,1,1,1,4,3,1,2,1,3
83,2,1,2,4,1,0,0,0,0,0,1,1,1,1,5,3,3,3,3,4,3,4,4,3,4,3,3,4,5,4,4,4,4,3,3,3,4,5,5,5,5,5,4,5,2,4,3,3,3,4,4,3,4,4,4,5,5,5,3,2,4,5,5,5,5,5
84,2,3,2,3,0,0,0,1,0,0,1,1,1,0,2,4,4,4,3,3,3,2,3,3,3,3,4,3,3,3,4,3,4,3,3,3,3,3,3,5,4,4,5,2,2,2,3,3,3,3,3,2,2,3,3,5,3,1,3,5,4,5,2,4,5,3
85,2,1,3,4,0,1,0,0,0,0,0,0,0,0,4,4,2,3,3,3,3,3,3,3,2,3,2,3,3,4,3,2,3,3,4,3,3,2,1,2,4,3,2,5,4,2,3,4,3,2,3,3,2,3,3,5,2,5,5,4,4,2,4,4,3,3
86,2,1,3,4,0,0,0,1,1,0,0,1,0,0,3,4,4,3,4,3,4,3,4,4,4,4,4,4,4,4,5,4,4,2,3,2,4,5,4,4,4,3,4,4,4,5,4,4,4,4,4,4,4,3,4,5,5,5,5,5,4,5,5,5,5,5
87,2,1,2,4,1,0,0,0,0,0,0,0,0,0,3,5,5,5,5,5,4,5,5,5,4,5,5,5,5,5,5,5,5,2,1,5,4,3,4,5,5,4,4,5,5,4,4,5,5,4,4,4,5,5,4,5,5,5,5,3,4,5,5,5,5,5
88,1,1,0,2,0,1,0,0,0,0,0,0,0,0,1,3,3,3,2,2,3,3,2,2,3,4,3,2,3,3,3,1,2,3,5,3,4,2,3,1,4,4,2,2,1,3,3,2,3,3,3,3,2,4,2,5,3,3,1,3,4,1,2,4,4,2
89,2,1,3,4,0,0,1,0,0,1,0,1,0,0,2,5,4,4,4,5,4,4,3,4,4,4,4,5,4,4,4,5,4,2,3,4,5,4,4,3,3,2,4,3,4,3,4,4,4,5,4,5,4,4,4,5,5,5,5,5,4,5,5,5,5,5
90,2,3,1,3,1,0,0,0,0,0,0,0,0,0,4,3,4,3,3,3,3,4,4,4,4,4,4,3,4,5,4,4,5,3,3,4,3,4,2,4,5,3,4,4,5,4,3,4,4,3,4,3,3,4,4,3,2,5,4,5,3,3,2,2,3,2
91,2,1,2,4,0,1,0,1,0,0,0,0,0,0,3,3,3,3,4,3,4,4,3,4,3,2,3,3,2,3,3,4,4,3,4,3,3,4,3,1,3,3,2,2,4,3,3,3,3,3,3,2,2,2,3,3,3,3,4,5,3,3,1,3,1,5
92,2,2,2,4,1,0,0,0,0,0,0,0,0,0,1,3,3,3,2,3,4,4,3,3,3,2,2,3,3,3,3,4,4,5,5,3,2,3,4,3,2,5,2,5,5,3,4,3,3,3,2,3,3,3,3,2,5,3,3,2,4,3,5,4,4,1
93,1,1,3,4,1,0,0,0,0,1,1,1,0,0,3,3,3,4,4,4,4,4,4,4,4,3,4,4,4,4,4,5,4,4,4,4,5,3,4,5,3,3,3,3,3,5,4,4,4,4,3,4,4,4,4,5,5,5,5,5,4,5,5,5,4,5
94,2,6,2,3,0,0,0,1,0,1,0,1,0,0,4,4,4,3,3,3,3,3,3,4,3,2,3,3,2,3,3,4,4,4,4,4,4,2,4,3,2,4,3,4,4,3,4,3,3,3,3,4,3,3,4,5,1,5,5,1,4,4,3,3,3,1
95,2,1,0,3,1,1,0,1,0,0,0,1,0,0,1,5,3,4,4,5,4,4,4,5,4,4,5,5,4,4,4,2,3,2,2,4,5,3,5,5,5,5,5,4,4,5,5,5,5,5,5,5,5,5,5,2,2,4,3,1,3,2,3,5,3,4
96,1,1,0,3,0,0,0,1,0,0,0,0,0,0,4,2,2,2,2,2,3,3,2,3,3,2,3,2,3,5,3,2,3,5,5,5,5,3,3,3,4,3,2,3,4,4,4,5,4,3,4,3,4,4,3,5,1,3,2,1,3,4,4,3,2,1
97,2,3,0,2,0,1,0,1,0,0,1,1,0,1,1,2,1,1,1,2,2,2,2,2,2,2,1,2,2,2,2,2,2,4,4,2,4,3,2,1,1,2,3,4,2,2,2,2,2,2,1,2,2,2,2,2,5,1,1,4,3,1,2,3,2,1
98,1,1,3,4,1,0,0,0,0,0,1,0,1,0,4,4,3,3,3,3,4,3,4,3,3,4,4,3,4,3,4,2,3,3,4,4,4,4,4,4,5,4,4,4,5,5,5,5,5,4,4,5,5,5,5,5,5,5,5,5,4,5,5,5,5,5
99,2,1,2,4,0,0,0,0,0,0,0,0,0,1,2,3,4,3,4,4,4,3,3,3,4,4,4,3,3,4,3,4,3,2,3,3,3,1,4,4,3,5,3,2,1,3,2,3,2,3,3,3,3,3,3,5,5,3,5,1,4,2,5,3,4,5
100,2,1,1,3,0,0,0,1,1,0,0,1,0,0,3,4,4,3,5,4,4,4,3,4,3,4,5,3,4,4,4,5,4,1,2,4,3,3,4,5,3,4,4,3,3,3,3,4,3,4,3,3,3,4,4,5,3,5,3,5,4,1,5,4,4,5
101,2,5,2,2,0,1,0,0,0,1,0,1,0,0,4,5,4,5,4,4,4,5,5,5,5,4,4,4,3,4,5,5,5,1,2,4,5,4,5,5,3,5,4,4,3,5,5,5,4,4,5,5,4,5,5,5,4,5,5,5,4,5,2,5,4,4
102,2,1,0,3,0,1,0,1,0,0,0,0,0,0,1,4,3,3,3,4,4,4,4,3,4,4,3,4,2,4,3,3,3,2,3,5,4,4,5,5,5,4,2,4,3,3,3,4,3,3,4,3,3,2,4,1,3,3,4,4,3,4,1,2,1,1
103,1,5,1,4,0,0,0,1,1,0,0,0,0,0,4,4,4,4,4,4,4,4,4,4,4,5,4,5,4,4,4,5,5,2,2,4,5,5,5,5,5,5,5,5,5,5,4,5,4,4,4,4,4,5,4,5,5,5,5,5,4,5,5,5,5,5
104,1,1,3,4,0,0,0,0,0,0,0,0,0,0,2,3,4,3,3,3,4,4,4,3,3,4,3,3,3,4,4,5,4,4,4,4,5,4,3,4,5,5,3,4,5,5,4,4,5,4,4,4,5,5,5,5,5,5,5,5,4,5,5,5,5,5
105,2,1,0,2,1,1,0,1,0,1,0,1,0,0,3,5,5,5,5,5,5,5,4,5,5,3,4,5,5,4,4,3,2,1,2,4,5,5,5,4,5,5,4,5,5,5,5,5,4,5,5,5,4,4,5,3,5,4,3,1,4,1,3,4,3,1
106,2,1,0,1,0,1,0,1,0,1,0,0,0,0,3,3,3,4,4,4,3,3,4,4,3,4,4,4,5,5,4,3,3,3,2,1,3,3,4,3,4,3,4,4,4,3,2,3,4,4,3,3,4,3,3,5,1,3,5,2,4,2,2,1,4,3
107,2,1,2,4,0,0,0,1,0,0,0,0,0,0,2,3,3,3,2,3,3,3,4,3,4,2,3,4,3,3,3,5,5,2,3,3,4,4,4,5,3,3,4,3,5,4,4,4,3,4,4,4,4,4,4,5,5,2,4,4,4,1,5,5,5,5
108,2,1,0,3,0,1,0,0,0,0,0,0,0,0,2,2,2,2,3,2,2,3,2,3,2,2,2,3,3,2,3,2,2,3,4,2,2,3,3,2,3,4,4,3,3,2,3,3,3,3,2,3,3,2,3,2,1,1,1,3,4,4,2,4,4,5
109,2,1,0,1,1,0,0,1,1,1,0,1,1,0,3,2,1,1,1,2,2,2,1,2,3,2,2,2,3,2,2,2,2,4,4,1,3,1,2,2,2,3,3,3,1,3,2,2,3,2,3,2,2,2,2,3,2,2,1,4,4,2,1,1,2,1
110,2,3,0,2,0,0,0,1,1,1,0,0,0,1,1,4,5,3,4,3,3,3,4,3,4,4,4,3,3,3,4,2,3,4,3,4,3,3,5,5,5,4,4,3,3,3,4,4,4,4,4,4,4,4,4,2,1,4,4,1,3,4,2,1,1,3
111,2,3,1,4,0,0,0,1,0,0,0,0,0,0,3,4,3,4,3,3,3,3,3,3,4,3,3,3,3,2,3,3,3,3,2,2,4,3,4,3,3,4,4,3,3,3,3,3,3,3,3,4,3,3,4,5,5,4,3,5,4,5,5,4,2,5
112,2,1,0,2,0,1,0,0,0,0,0,0,0,0,5,4,3,3,2,2,3,4,3,3,3,4,4,4,4,4,4,2,3,5,4,4,4,5,4,4,3,5,3,2,4,3,4,4,4,4,4,4,4,4,4,1,4,4,3,4,4,4,2,4,3,5
113,1,1,0,3,0,0,0,0,0,0,1,0,0,0,4,3,2,3,3,3,3,3,3,2,2,3,2,2,2,4,2,2,2,4,4,4,3,3,3,4,4,4,2,5,3,2,3,4,3,3,3,3,3,3,3,3,1,4,2,1,3,2,1,1,3,4
114,1,3,2,4,0,0,0,0,0,1,1,0,0,0,1,3,4,3,2,2,3,3,4,3,3,3,4,2,2,3,3,3,3,1,2,5,3,2,5,3,3,5,5,2,4,3,4,4,4,3,4,3,4,4,3,3,5,2,5,4,4,5,4,5,5,5
115,2,3,3,4,0,0,1,1,0,0,1,1,0,0,1,5,5,5,4,5,5,5,5,4,5,5,5,5,5,5,5,5,5,3,3,5,5,5,5,5,5,5,5,5,5,5,5,5,5,5,5,5,5,5,5,5,5,5,5,5,4,5,5,5,5,5
116,1,1,1,3,0,0,0,0,0,0,1,0,0,0,5,4,3,4,4,4,4,4,3,4,4,2,3,4,4,5,4,4,3,3,3,3,5,3,5,3,5,5,4,3,5,4,4,4,3,4,3,4,4,4,4,4,5,5,4,3,4,3,4,4,5,4
117,2,3,0,2,1,0,0,0,1,0,0,0,0,0,4,3,3,4,3,4,3,4,3,3,3,3,3,3,2,3,3,2,3,2,3,3,4,4,5,3,5,4,4,2,4,3,3,3,3,3,2,3,3,3,2,4,1,5,1,3,3,2,2,1,3,3
118,2,1,1,4,0,0,0,0,0,0,0,1,0,0,1,3,3,3,3,3,3,3,4,3,3,2,2,2,3,3,3,2,3,3,2,3,2,3,2,2,3,2,2,1,4,4,2,2,2,2,3,2,2,2,2,4,5,2,5,4,3,5,1,4,4,4
119,2,6,2,4,1,0,0,1,1,0,0,0,0,0,4,4,4,4,4,3,4,4,4,3,3,4,4,5,4,4,4,4,4,2,3,4,4,2,5,5,3,3,3,4,5,3,4,3,4,4,4,4,4,4,4,5,5,3,5,3,4,5,3,5,5,5
120,2,1,0,1,0,0,0,0,1,0,0,1,0,0,2,3,3,4,3,4,3,3,3,3,4,3,3,3,3,4,4,3,3,3,3,3,3,3,4,2,4,2,3,3,3,2,3,3,3,3,3,3,3,3,3,1,1,2,3,2,3,5,2,4,1,1
121,2,6,2,4,1,0,0,1,0,1,0,0,1,0,2,3,3,2,3,3,4,4,3,3,3,3,2,2,3,2,3,4,3,3,2,4,4,4,4,4,3,3,3,4,2,2,3,3,4,2,2,3,3,3,3,5,3,2,2,5,4,3,5,5,3,4
122,2,5,0,2,0,1,1,0,0,1,0,0,0,1,4,3,3,3,3,3,2,3,3,3,3,3,3,3,3,4,3,3,2,3,4,4,2,3,3,3,4,1,3,1,2,3,3,3,3,3,4,3,3,3,3,4,4,3,1,5,4,2,5,1,5,5
123,2,1,3,4,0,0,0,0,0,0,1,0,0,0,1,2,2,2,3,2,3,3,2,3,3,2,3,2,2,2,3,2,3,5,5,1,2,5,3,3,4,2,4,4,3,3,3,3,3,2,3,3,3,3,3,3,1,3,1,1,4,1,1,3,2,1
124,1,4,3,4,1,0,0,0,0,1,1,0,1,0,1,3,1,2,2,3,2,3,2,2,2,3,2,2,2,3,3,1,2,5,5,4,4,4,4,3,4,4,2,3,2,4,4,4,3,3,4,3,3,4,4,3,5,2,3,5,4,3,3,5,1,4
125,2,1,0,4,0,1,0,1,1,1,0,1,1,0,1,4,4,3,3,4,4,3,4,4,3,3,4,3,3,5,4,2,3,3,3,4,2,4,4,4,3,3,3,3,3,4,4,4,3,4,4,4,4,4,4,3,1,2,1,1,4,1,2,1,4,1
126,2,1,1,3,0,0,0,1,1,0,0,0,0,0,1,4,4,5,5,4,4,4,4,4,4,4,5,5,5,4,5,5,5,5,4,3,5,5,5,5,5,5,3,3,5,4,4,4,4,4,4,4,4,4,3,3,4,5,5,5,4,4,5,5,3,2
127,2,4,1,3,0,0,0,0,1,0,0,0,0,0,2,4,3,4,4,3,3,3,4,4,4,3,3,3,3,4,3,3,3,3,3,2,2,4,3,3,3,1,3,3,4,1,3,2,2,2,2,2,2,2,2,2,1,1,1,5,3,1,5,1,2,1
128,2,5,2,4,1,0,0,1,0,0,0,0,1,0,1,4,3,3,4,3,4,4,3,5,3,4,4,4,4,4,3,5,4,3,3,5,5,4,5,5,3,3,4,2,5,3,3,4,4,4,3,4,4,3,4,4,1,5,5,5,4,3,5,5,5,5
129,2,1,1,4,0,0,0,0,0,0,0,1,0,0,5,5,5,4,4,4,3,4,3,4,4,5,5,4,5,4,4,4,4,1,1,4,2,5,2,4,3,4,3,5,3,3,4,4,3,4,4,4,3,3,4,5,5,5,5,5,4,5,3,3,4,5
130,2,1,1,3,0,0,0,0,0,0,0,1,0,0,5,2,2,2,3,2,3,3,3,3,3,2,2,2,3,3,3,2,3,5,4,5,3,4,2,1,5,4,3,4,3,3,4,3,4,3,3,4,3,4,3,4,3,1,5,4,4,3,3,5,3,2
131,2,1,2,4,1,0,0,1,0,0,0,0,0,0,2,3,2,3,2,3,2,3,3,3,3,3,2,3,3,3,3,3,4,3,3,3,4,2,3,4,4,3,3,3,3,3,3,3,3,3,3,3,3,3,3,2,5,3,1,1,4,1,5,5,3,4
132,1,1,3,4,0,0,0,0,0,0,0,1,0,0,4,3,3,2,2,2,3,3,2,2,3,3,3,2,2,4,4,2,3,5,5,3,3,3,3,2,3,4,3,4,1,3,3,4,3,3,3,3,3,3,3,3,4,5,3,5,4,3,5,3,3,4
133,2,3,2,4,0,0,0,0,0,1,0,0,0,0,1,4,3,3,3,3,2,3,3,3,3,2,4,2,3,2,3,3,3,4,4,2,3,4,4,4,1,3,4,4,3,3,3,3,3,2,3,3,3,3,3,3,5,3,5,5,4,1,5,3,4,2
134,2,1,1,4,0,0,0,0,0,1,0,1,0,0,1,3,2,3,3,3,2,2,3,3,3,2,2,2,2,2,2,1,2,3,2,3,2,2,2,1,2,3,2,1,4,3,3,4,3,2,3,3,3,4,2,5,4,2,5,5,3,3,3,4,1,4
135,1,1,2,3,0,1,0,1,0,0,0,1,0,0,4,4,3,4,4,4,3,4,4,4,4,4,4,4,4,4,3,4,5,3,4,4,4,4,2,3,3,4,3,3,2,4,4,4,3,4,4,3,4,3,3,3,4,5,3,4,4,5,5,3,5,5
136,1,1,1,1,1,1,0,0,0,0,0,1,1,0,4,4,4,5,4,3,4,4,4,5,4,4,4,3,5,4,4,4,4,2,2,5,2,4,4,5,3,4,4,5,4,4,4,4,4,3,3,3,3,4,4,5,4,1,5,5,4,5,2,5,4,3
137,1,1,3,3,0,1,0,1,0,1,0,0,0,0,4,5,3,4,4,3,5,4,5,4,4,5,5,4,5,4,4,5,5,3,3,5,4,5,5,4,5,5,3,3,4,4,4,4,4,4,4,4,4,4,4,5,5,5,4,5,4,5,5,5,5,4
138,1,1,2,4,0,0,0,0,0,0,0,0,0,0,4,3,4,3,3,4,4,4,4,4,4,4,4,4,4,4,4,5,5,3,2,4,5,5,5,3,3,5,5,3,4,4,4,4,4,4,4,4,5,4,5,5,5,4,5,5,4,4,2,4,5,5
139,1,1,0,3,0,0,0,0,0,0,0,1,0,0,2,3,2,1,3,2,2,2,2,2,2,1,2,3,2,2,3,3,3,5,4,2,2,1,2,4,2,3,2,3,1,2,2,2,2,2,2,2,1,1,2,4,2,3,4,2,3,3,2,2,3,1
140,1,1,3,4,1,0,0,0,0,1,0,0,0,0,3,3,2,2,2,4,3,3,3,3,3,3,3,3,3,3,3,3,3,4,4,1,4,3,3,4,2,3,1,3,3,3,4,3,2,3,4,3,2,3,3,3,4,3,1,4,3,1,2,5,3,3
141,2,5,3,4,0,0,0,0,0,1,0,0,0,0,1,3,3,2,3,3,3,3,3,4,3,3,3,3,3,4,4,3,3,4,5,5,2,3,4,3,2,2,3,2,3,3,5,5,4,4,4,4,4,4,4,5,5,5,5,5,4,5,5,5,5,5
142,2,6,2,4,1,0,0,0,0,0,1,0,1,0,4,5,4,3,2,3,3,4,3,3,5,4,4,4,3,4,4,5,5,2,3,4,4,4,4,3,4,5,2,5,4,3,4,4,3,5,3,3,4,3,3,3,5,5,3,3,4,3,5,5,5,5
143,2,3,3,3,0,1,0,1,1,0,0,0,0,0,3,3,4,3,4,3,4,4,4,3,3,3,3,4,3,3,4,3,4,4,3,4,4,2,3,5,5,3,3,4,5,3,4,3,3,3,3,4,3,3,3,5,3,5,5,4,4,5,4,4,5,3
144,2,1,1,3,0,1,0,0,0,1,0,0,0,0,1,5,5,5,5,5,5,5,5,5,5,5,5,5,5,5,5,5,5,3,2,5,5,5,5,4,5,5,5,5,5,5,5,5,5,5,5,5,5,5,5,5,5,5,5,5,4,5,5,5,5,5
145,1,1,2,3,0,0,0,0,0,1,1,0,0,0,2,3,3,3,3,3,4,3,4,4,3,4,3,3,3,4,3,4,3,3,3,4,5,3,4,4,4,4,4,5,4,4,4,4,3,3,5,4,4,4,5,3,5,5,5,5,4,5,5,2,5,5
146,1,1,0,3,1,0,0,0,0,1,0,1,0,0,4,3,3,4,3,3,3,3,2,2,3,3,3,3,3,3,3,2,3,5,5,3,4,3,3,5,3,3,4,5,4,4,5,4,4,4,3,4,3,3,4,1,5,1,1,1,4,1,1,1,2,2
147,1,1,2,4,1,1,0,0,0,0,0,0,1,0,3,3,3,2,2,2,3,3,3,3,3,3,3,4,3,3,3,4,3,4,4,3,5,3,2,4,4,4,3,4,3,2,4,4,3,4,3,3,3,3,3,5,5,4,3,3,4,5,1,5,3,5
148,2,1,2,4,0,0,0,0,1,0,0,1,0,0,1,3,3,2,3,3,3,3,3,3,3,2,3,3,3,2,3,3,3,3,2,3,1,2,3,2,3,3,2,2,2,4,3,3,4,4,4,3,3,3,3,5,5,5,2,5,4,2,2,3,1,2
149,1,1,3,4,0,0,0,0,0,1,1,0,0,0,1,4,3,4,3,3,4,3,4,3,4,3,3,3,3,3,3,3,3,4,4,3,4,3,2,2,3,3,3,3,2,3,3,3,3,3,3,3,4,4,4,5,5,5,5,5,4,5,5,5,5,5
150,2,1,1,4,1,0,0,0,0,1,1,1,0,0,4,3,3,3,3,3,3,3,2,2,3,3,2,2,2,3,3,3,3,3,3,3,4,2,2,2,3,3,1,2,2,3,2,3,2,2,3,3,2,3,2,3,1,1,1,1,3,1,3,2,1,2
151,1,1,0,3,1,0,0,0,0,0,1,0,0,0,3,4,4,3,3,3,3,3,3,3,3,2,3,3,3,3,3,2,2,3,3,4,3,3,4,1,2,3,3,4,2,2,3,4,2,3,2,3,3,3,3,1,3,4,4,1,4,4,3,5,5,1
152,2,3,0,4,0,0,0,0,0,0,0,1,0,0,5,2,3,2,2,2,3,3,3,3,3,1,2,2,2,3,2,3,3,4,4,1,2,4,1,3,2,4,3,3,2,2,2,3,3,3,3,3,3,2,2,4,5,2,1,4,4,1,1,3,3,4
153,1,3,2,4,1,0,0,1,0,0,0,1,1,0,3,3,3,3,3,3,2,4,2,3,2,2,3,3,3,3,3,3,3,3,4,3,3,4,4,4,3,4,4,3,4,2,3,3,4,4,3,3,4,4,4,2,2,2,3,2,4,2,3,5,4,4
154,1,4,1,4,1,0,0,0,0,0,0,0,0,0,1,5,4,5,4,4,5,5,4,5,4,4,3,4,4,5,4,4,4,1,1,3,3,5,5,4,5,5,3,4,4,4,4,4,5,4,4,5,5,4,4,5,5,5,5,5,4,5,5,5,5,5
155,1,1,3,4,0,0,0,1,0,0,0,0,0,0,4,4,4,3,4,4,3,4,4,4,4,3,4,3,3,4,4,2,3,3,3,1,4,4,3,4,5,3,2,5,4,3,4,4,3,4,4,4,4,4,4,5,5,5,5,5,4,5,5,5,5,5
156,1,1,0,4,0,0,1,1,0,1,1,1,0,0,2,2,2,2,1,2,1,1,2,1,1,2,2,2,2,2,2,2,2,5,5,2,2,1,4,2,2,3,3,3,3,3,3,2,2,2,3,2,3,3,3,2,2,5,3,1,4,4,2,2,4,2
157,1,1,1,4,1,1,0,1,0,1,0,0,0,0,1,4,4,4,5,4,4,4,4,4,4,3,4,3,3,3,4,3,3,2,2,5,5,4,2,4,5,3,4,4,3,4,3,4,2,4,4,3,4,3,4,5,5,4,5,4,4,5,4,4,5,5
158,2,3,0,3,0,0,0,1,0,0,0,1,0,0,3,3,3,3,2,3,2,3,3,2,3,4,4,3,4,3,3,3,2,4,3,1,3,3,3,3,4,4,3,4,2,3,4,3,3,3,2,4,4,4,3,3,4,2,4,4,4,1,4,2,2,3
159,2,4,3,4,1,0,0,0,1,1,0,1,0,1,1,4,4,3,3,3,4,4,3,3,4,3,4,3,4,3,3,3,3,3,4,3,4,3,3,4,3,5,4,4,2,3,4,3,3,3,3,3,3,3,4,3,4,5,5,4,4,5,4,5,5,3
160,1,1,2,4,0,0,1,0,0,0,0,0,0,0,1,2,4,3,3,3,4,4,2,3,3,3,4,3,4,4,3,3,4,4,4,3,2,3,3,2,4,4,2,2,4,3,4,4,4,3,3,3,4,3,4,4,5,2,5,5,4,3,4,5,2,2
161,1,4,2,4,1,0,0,0,0,1,0,0,0,0,4,4,4,4,4,4,4,4,3,4,4,4,4,4,4,3,5,3,4,2,2,5,5,5,4,3,5,5,4,5,5,5,4,4,4,5,4,4,5,4,4,5,5,5,5,5,4,4,4,5,5,5
162,1,1,2,4,1,0,0,0,0,1,0,0,0,0,2,3,3,3,3,3,2,3,2,3,2,2,3,2,3,3,2,3,3,4,3,2,4,5,2,4,4,3,4,1,4,3,3,3,4,3,4,3,4,3,3,3,4,3,2,2,4,5,2,4,4,4
163,2,1,1,3,1,1,0,0,0,0,0,0,0,0,3,5,5,5,5,5,5,5,5,5,5,5,5,5,5,5,5,5,5,2,2,5,5,5,5,5,5,5,5,3,5,5,5,5,5,5,5,5,5,5,5,5,5,5,5,5,4,5,5,5,5,5
164,2,1,0,3,1,0,0,1,0,0,0,0,1,0,1,3,3,3,4,2,3,4,3,3,3,3,3,3,3,3,3,3,2,3,3,3,3,2,5,3,4,5,4,5,3,4,4,4,4,4,4,5,4,4,4,3,4,1,1,2,4,5,1,2,1,4
165,2,1,2,4,1,0,0,1,0,0,0,1,0,0,3,4,3,3,4,3,3,3,3,3,4,3,4,4,4,4,4,4,4,2,2,5,5,5,5,3,5,4,3,5,5,3,4,5,4,5,4,4,4,5,5,5,5,5,5,5,4,5,1,5,5,5
166,1,1,3,4,0,1,0,1,1,0,0,0,0,1,1,3,3,3,3,4,3,3,3,3,4,3,3,3,3,4,3,3,3,4,5,4,2,4,2,4,3,3,4,4,5,4,4,4,3,3,4,4,4,3,5,5,5,5,5,5,4,4,3,4,4,5
167,2,3,1,4,0,0,0,0,0,0,0,1,0,0,1,4,4,4,4,4,4,4,4,5,5,4,3,4,5,4,4,5,4,1,1,5,5,5,5,4,3,5,3,3,3,4,5,4,4,4,4,4,4,4,4,4,5,5,4,5,4,5,4,5,5,5
168,2,1,3,4,0,1,0,0,0,0,1,1,0,0,3,3,3,4,3,3,3,3,3,3,3,4,3,3,3,3,3,4,4,5,5,3,5,5,4,5,2,5,3,5,4,5,5,4,3,4,4,4,4,3,5,5,5,5,4,5,4,3,5,3,5,5
169,2,1,0,3,0,0,0,1,1,1,0,0,1,0,2,3,4,2,4,3,3,3,3,4,3,4,3,2,3,4,3,2,2,5,5,4,3,3,4,3,5,3,4,1,2,3,3,3,3,4,3,3,4,3,3,3,2,4,2,1,3,3,1,4,3,1
170,2,1,0,1,0,0,0,0,0,1,0,0,0,0,2,3,3,3,3,3,3,3,3,3,3,3,4,2,2,3,3,3,2,2,3,3,3,3,1,2,4,4,3,4,2,4,2,3,3,3,3,3,3,3,3,1,4,5,1,1,3,1,1,3,3,3
171,2,1,1,3,1,1,0,0,0,0,0,0,0,1,1,4,4,4,4,3,3,3,3,3,3,3,3,3,3,3,3,3,2,3,5,4,4,4,3,5,4,5,3,1,4,3,3,3,4,4,4,3,3,3,3,4,5,2,3,5,4,4,5,2,5,5
172,2,4,1,4,1,1,0,1,0,0,0,0,0,0,1,5,5,4,5,5,5,5,5,4,5,3,4,4,4,5,4,4,4,2,2,5,4,5,4,5,5,3,4,5,5,5,4,5,5,5,5,5,4,5,4,5,5,5,5,5,4,5,5,5,5,5
